"metaphor. Because knowledge and beliefs cannot be physically absorbed, but rather learned and internalized.","metaphor. ""Absorb"" is not physically taking in knowledge, but rather mentally assimilating it.",3
metaphor. To indicate taking on or assuming responsibility for the financial burden or consequences.,"metaphor. ""Absorb"" is used to describe taking on financial burden, not physical absorption.",3
metaphor. The sales tax is included in the state income tax without being separately identified.,"metaphorical. ""Absorb"" implies assimilation, not physical absorption of a tangible substance.",2
"metaphor. It implies excessive or harmful use, not physical harm.","literal. ""Abuse"" means excessive or improper use, directly describing the husband's behavior with alcohol.",2
"literal. Physical, emotional, or verbal mistreatment of employees is occurring in the workplace.","metaphor. ""Abuse"" refers to exploitation and mistreatment, not physical harm.",2
literal. It is describing a formal recognition or acceptance of the authors' submission.,literal. The program committee is recognizing or accepting the submission in a direct sense.,3
"literal. ignorance, lack of respect, indifference, arrogance, disinterest","literal. ""Acknowledge"" means to recognize or greet someone, which is a physical action.",2
literal. It is used literally to mean to recognize or admit the existence of the deed.,"literal. ""Acknowledge"" means to accept or admit the existence or truth of something, in this case, the deed.",3
literal. It is a literal instruction to respond to a specific action or request.,"literal. The word ""answer"" refers to the direct action of responding to a ringing phone.",3
literal. The meaning of life is subjective and can vary greatly from person to person.,"metaphorical. ""Answer"" refers to a solution or explanation, not a spoken response.",1
"literal. Describing physical movement, not highlighting abstract concepts or emotions.",literal. The sentence refers to physically climbing a mountain.,2
metaphor. The editors criticized or criticized harshly the new House Speaker.,"metaphor. No physical violence is implied, but rather a verbal or written criticism.",2
"metaphor. It implies an aggressive approach, urgency, and determination to solve the problem immediately.","metaphor. No physical violence is implied, and ""attack"" means to tackle or confront vigorously.",2
"literal. Describes a physical act of aggression or violence, not a metaphorical or symbolic action.","literal. The sentence describes a physical assault on a village, involving violence and aggression.",3
"metaphor. Press photographers crowded around the movie star, overwhelming them with attention and requests.","metaphor. Physical blockade or encirclement is not implied, but rather a figurative surrounding.",2
literal. Literal action of physically wrapping and compressing the feet to restrict growth and movement.,literal. The sentence describes a physical act of constraining feet with cloth or other materials.,3
"metaphor. The spaceship is not actually on fire, but moving quickly and brightly through space.","literal. ""Blaze"" describes the intense heat and flames produced by the spaceship's engines.",2
metaphor. To criticize severely or rebuke harshly.,"metaphor. ""Blister"" is not referring to a physical skin blister, but to a verbal attack.",2
"literal. ""Blur"" literally describes a visual impairment caused by the fog obstructing clear sight.","literal. ""Blur"" describes a physical obstruction of sight, a direct effect of fog on vision.",3
"metaphor. To consume too quickly or hastily, like a bolt of lightning or a bolt of food.","metaphor. ""Bolt"" means to swallow quickly, not referring to a physical bolt or fastener.",2
literal. It is a technical term related to increasing the voltage in an electrical circuit.,"literal. ""Boost"" refers to increasing the voltage, a physical property, in a direct and concrete sense.",3
metaphor. To physically eject or remove individuals from the club premises.,"literal. ""Bounce"" refers to physical removal or ejection from a place.",3
literal. Describing the physical action of the ball rebounding off a surface.,"literal. The subject ""rubber ball"" is a physical object that can physically bounce.",3
literal. To show respect and honor.,literal. The sentence describes a physical action of inclining one's head or body.,2
metaphor. It allows air flow and keeps the wearer cool and comfortable in hot weather.,"metaphor. Fabric cannot literally breathe like a living organism, but implies ventilation.",2
literal. To allow the wine to aerate and release its aromas and flavors.,"metaphor. Wine doesn't have lungs, but exposure to air affects its flavor and aroma.",2
literal. Physical action of moving a brush against a surface is being described accurately.,literal. The sentence implies physical contact between a brush and the wall.,3
"literal. The word ""brush"" is used non-metaphorically because it describes a physical action being performed.","literal. The verb ""brush"" refers to the physical action of removing dirt or dust from the suit.",2
"metaphor. Creating and developing a stable, functional society with infrastructure, institutions, and systems for governance.","metaphor. ""Build"" implies constructing a concept, not a physical structure.",2
"metaphor. The tension and anticipation were increasing gradually, creating a sense of excitement and anticipation.","metaphor. ""Build"" describes an abstract concept, suspense, increasing in intensity.",2
literal. Literal use: physically constructing new school buildings to provide education infrastructure for residents.,literal. The sentence refers to the physical construction of schools.,3
"metaphor. ""Buy"" means believe or accept, not purchase.","metaphor. ""Buy"" means to accept or believe, not to purchase with money.",3
"literal. Literal transactional context, indicating the exchange of dedication for love with material goods or services.","metaphor. ""Buy"" is used to convey the idea of earning or winning someone's love, not a physical transaction.",2
"metaphor. The office is busy with energetic and lively activity, creating a buzzing atmosphere.","metaphor. ""Buzz"" is compared to an atmosphere of excitement, not an actual insect sound.",2
literal. Describing the sound of bees flying and moving around the hive.,"literal. Bees make a humming or vibrating sound, which is the definition of ""buzz"".",3
"metaphor. Metaphorically means she charmed or attracted them, not physically captured them.","metaphor. ""Capture"" implies winning over or charming, not physical confinement.",3
"metaphor. To convey a sense of struggle, determination, effort, and perseverance in reaching a goal.","metaphor. Humans do not have claws, so ""clawed"" is used to convey struggle and determination.",3
metaphor. To show aggressive and ruthless behavior in attacking or criticizing the rival.,"metaphor. ""Claw"" is used to describe aggressive behavior, not a physical animal-like action.",2
metaphor. Sales were increasing rapidly after prices were reduced.,"metaphor. Sales can't physically climb, but are increasing in value or amount.",3
metaphor. To convey the idea of upward progression or advancement.,"literal. The subject ""path"" is a physical entity that can ascend a hill.",2
"metaphor. Fear does not physically block the mind, but overwhelms and hinders clear thinking.","metaphor. ""Clog"" is used to describe a mental state, not a physical blockage.",2
metaphor. To describe the restriction or slowing down of movement until they were trained and controlled.,"literal. ""Clog"" originally meant a wooden shoe or block attached to a horse's foot.",1
literal. The leaves physically block the flow of water in the drains.,literal. Leaves physically block or obstruct the flow of water in the drains.,4
"metaphor. Clouds represent darkness, obscurity, and heaviness, mirroring the emotions of sadness on their faces.","metaphor. ""Clouded"" describes an emotional state, not a physical weather phenomenon.",2
metaphor. To show how the stroke affected her memory or made it unclear and confused.,"metaphor. ""Cloud"" represents a mental fog or obscurity, not a physical atmospheric phenomenon.",2
"literal. Describing physical appearance, not using cloud as metaphor for emotions or thoughts.","literal. ""Cloud"" refers to a visible mass of smoke in the air.",2
metaphor. It suggests his ideas influence and shape the content and perspective of his lectures.,"metaphor. ""Color"" refers to influence or tone, not a visual property.",2
literal. Describing the physical action of adding color to the walls with paint.,"literal. ""Color"" refers to the physical property of paint applied to walls.",3
metaphor. Disease is not a literal message but can be transmitted like communication.,"literal. ""Communicate"" means to transmit or convey, as in spreading a disease from one person to another.",2
"literal. Possible reasons could include a strained relationship, lack of effort, or unresolved conflict.",literal. Refers to the act of exchanging information or ideas through verbal or nonverbal means.,2
literal. The sentence describes a literal act of sharing information or feelings with another person.,literal. Direct verbal expression of thoughts or feelings from one person to another.,3
literal. Both are historical societies with similar levels of power and influence in their respective regions.,"literal. ""Compare"" means to identify similarities and differences between two entities.",2
"literal. The car is inferior in quality, performance, and luxury compared to our Mercedes line.","metaphor. ""Compare"" implies a similarity or equivalence that is not literally possible.",2
literal. The statement is a factual description of Beethoven's creative process in writing music.,"literal. ""Compose"" refers to the actual creation of music, a tangible artistic work.",3
"literal. Literal instruction for using a digital or electronic dictionary, not a metaphorical or symbolic meaning.","literal. ""Computerized"" describes a dictionary that uses a computer, not a figurative concept.",3
"literal. Referring to the process of automating tasks using computer technology, not a metaphorical transformation.","literally. ""Computerized"" refers to the actual installation of computers in the industry.",2
"metaphor. Limited time, urgency, need for quick action, efficiency, simplification, prioritization, streamlining processes.","metaphor. ""Condense"" implies reduction of complexity, not physical compression.",2
"metaphor. Feelings cannot physically condense; metaphorically indicates intense, concentrated emotions or thoughts.",metaphor. Feelings are abstract and cannot physically condense like a gas or liquid.,3
literal. Refers to the physical process of matter coming together due to gravity and cooling.,literal. Refers to the physical process of gas and dust coalescing into solid bodies.,3
"metaphor. Earthquakes cause violent shaking and disruption, similar to convulsions in the body.","metaphorical. Earthquakes cannot physically convulse like a living being, but rather cause violent shaking.",3
"literal. It describes involuntary muscle spasms or contractions, not a metaphorical expression of emotion.","Please refer to relevant websites for more information, and feel free to ask me any other questions.",1
"metaphor. Maggots were covering the cheese, appearing to move slowly like they were crawling.","literal. ""Crawl"" describes the physical movement of maggots on the cheese's surface.",2
literal. The crocodile is a real animal that physically moves along the riverbed.,literal. The sentence describes a physical action of a crocodile moving on its belly.,3
"metaphor. It signifies the pinnacle of the meeting, highlighting its importance and impact on attendees.","metaphor. ""Crowned"" means to culminate or be the highlight, not a physical crown.",2
"literal. Literal ceremony, traditional symbol of royalty, official recognition of power and authority.",literal. The sentence refers to a physical ceremony where a crown is placed on the prince's head.,2
"literal. The action of crushing physically occurred, no emotional or romantic connotation present.","literal. ""Crush"" describes physical destruction or compression of the toy by the car's weight.",2
"literal. Literal action of physically flattening or compacting the can, no emotional or romantic connotation.","literal. The physical action of compressing the can is intended, not a figurative defeat.",3
literal. It is a physical action that involves manipulating hair into curls.,"literal. ""Curl"" refers to the physical act of shaping hair into curved locks.",3
"literal. Describing the action of splashing or sprinkling paint, not indicating speed or urgency.","literal. ""Dashed"" describes the physical mixture of blue and white paint.",2
metaphor. To decrease the value or purchasing power of the currency.,"metaphorical. Currency is an abstract concept, cannot be physically deflated like a balloon.",2
metaphor. The measures caused a decrease in economic activity or confidence.,"metaphor. ""Deflate"" is used to describe a decline in economic activity, not air pressure.",2
literal. Because balloons can physically lose air and decrease in size.,"literal. The subject ""balloons"" is a physical object that can literally lose air and shrink.",3
literal. To describe a physical creation or product.,"literal. ""Designed"" refers to the actual creation of a physical garment, a suit.",2
"metaphor. Because she read them eagerly and quickly, showing a strong interest and enjoyment in his work.","metaphor. ""Devour"" is used to describe reading, not eating, implying intense enthusiasm and absorption.",2
"literal. Literal action of eating, no indication of figurative consumption or destruction.","metaphorical. ""Devour"" implies a fierce or voracious appetite, beyond mere eating.",2
metaphor. Because the speaker is overwhelmed by the amount of information and finds it difficult to process.,"metaphor. ""Digest"" refers to mental processing, not physical breakdown of food.",1
literal. Lack of lactase enzyme or lactose intolerance.,"literal. ""Digest"" refers to the physical process of breaking down food in the body.",2
"metaphor. To indicate eating quickly and easily, without difficulty or hesitation.","literal. ""Down"" means to swallow or consume food or drink in this context.",2
"literal. Describes physical action of subduing suspect, not metaphorical state of being down.","literal. ""Downed"" means physically knocked or brought to the ground in this context.",2
"metaphor. Intense physical activity depletes energy reserves, leaving the individual feeling fatigued and exhausted.","metaphor. ""Drain"" is not physically removing energy from the body, but conveying exhaustion.",2
"literal. Literal action of water moving downward due to gravity into container, no symbolic meaning.","literal. ""Drain"" refers to the physical flow of water from one place to another.",2
"metaphor. To convey a slow, gradual, aimless movement or change in direction.","metaphor. ""Drift"" implies a slow, unintentional movement, like a boat drifting on water.",2
"metaphor. The young man was aimless or adrift in the social setting, feeling out of place.","metaphor. ""Drifted"" implies aimless movement, without a specific direction or purpose, like a floating object.",2
"literal. Describing a physical action, no implied comparison or symbolism.","literal. ""Drift"" refers to the physical movement of boats carried by the current.",2
metaphor. Metaphorically represents absorbing or taking in something deeply and fully.,"metaphor. ""Drinks in"" implies absorbing or taking pleasure in, rather than consuming a beverage.",3
"literal. To maintain hydration and health, fulfill bodily functions, and promote recovery and well-being.",literal. The sentence refers to the physical act of consuming a liquid.,2
"metaphor. To escape or numb emotions, cope with stress, or avoid facing reality or problems.","metaphor. ""Drown"" is used to convey emotional overwhelm, not physical suffocation.",1
"literal. The child physically submerged in the water and suffocated, leading to death by drowning.",literal. The sentence describes a physical action of a child dying in a lake.,3
"literal. Literal action of unloading waste, not a metaphor for emotional or informational overload.",literal. The sentence describes a physical action of a truck unloading garbage.,3
"metaphor. Results did not physically come out, but were discovered or revealed through the study.","metaphor. Results can't physically come out of a study, but rather become apparent.",3
literal. - Indicates physically inscribing or etching the owner's name onto the pen for identification.,"literal. The word ""engrave"" refers to physically carving or etching the name onto the pen.",3
"literal. It refers to physically removing the formula from the blackboard, not a metaphorical action.",literal. The formula is a physical mark on the blackboard that can be physically removed.,3
metaphor. To emphasize sudden and unexpected appearance or outbreak of the rash on her arms.,"literal. The word ""erupt"" describes a physical phenomenon, a sudden appearance of a rash.",2
"metaphor. Because unrest is not a physical phenomenon, but a sudden outburst of discontent or agitation.","metaphor. ""Erupt"" is used to describe a sudden outbreak of unrest, not a physical explosion.",3
"literal. Pressure built up from carbon dioxide gas inside the bottle, causing it to burst.",literal. The sentence describes a physical event where a champagne bottle bursts open.,3
literal. The enemy physically detonated explosives to destroy the bridge.,"literal. The verb ""exploded"" describes a physical destruction of the bridge.",3
literal. The action is literal and describes physically securing an object in place.,"literal. ""Fasten"" refers to physically attaching the lock to the door.",2
literal. To convert sugars to alcohol through the process of fermentation.,"literal. ""Ferment"" refers to a biochemical process in winemaking, not a figurative concept.",2
literal. Literal action of water physically entering the pool.,"literal. ""Fill"" refers to the physical act of containing or occupying space with water.",3
metaphor. To emphasize speed and efficiency in communication.,"literal. ""Flashed"" refers to the transmission of information through a medium, such as a signal or message.",2
"literal. Describing a physical action, not a metaphorical representation.",literal. The sentence describes a physical phenomenon of lights turning on and off rapidly.,2
metaphor. To allow market forces to determine its value.,"metaphor. ""Float"" implies a sense of buoyancy, not a physical object on water.",1
"metaphor. The idea is not finalized or concrete, it is being suggested or considered.","metaphor. ""Float"" implies a tentative, weightless presentation, rather than a physical buoyancy.",2
metaphor. To indicate an overwhelming amount of tennis shoes being introduced into the market.,"metaphor. ""Flood"" implies overwhelming quantity, not actual water.",2
"literal. Describes actual event of river overflowing and inundating area, not symbolic or figurative language.",literal. The sentence describes a physical event of a river overflowing into a village.,3
"metaphor. Champagne doesn't actually flow like a liquid, it was poured and consumed freely.","metaphor. Liquid movement is compared to a continuous, unobstructed flow, like a stream.",2
"metaphor. Antibiotics are used to cleanse and heal the wound, not to physically flush it.","literal. ""Flush"" refers to the physical act of washing or cleansing the wound.",2
"metaphor. Forming a character is a shaping process, like molding clay into a specific shape.","metaphorical. ""Form"" implies shaping or molding, like clay, rather than a physical structure.",3
literal. Describing a physical process or action that water undergoes when it beads up.,"literal. ""Form"" refers to the physical shape or structure of the water beads.",3
metaphor. Events could disrupt stability and unity in power dynamics.,"metaphor. ""Fracture"" is used to describe a non-physical break or split in power dynamics.",2
"literal. Literal meaning of fueling a vehicle with gas, no figurative or symbolic interpretation needed.","literal. ""Fuel"" refers to the physical substance used to power vehicles or machines.",3
"metaphor. The sun's intense brightness felt harsh and overwhelming, like a disapproving stare.","literal. ""Glare"" refers to the intense, direct light of the sun.",2
metaphor. The heat and steam caused her skin to appear flushed and radiant.,"literal. The sentence describes a physical effect of heat on the skin, causing it to glow.",2
"literal. Bioluminescence, natural defense mechanism, mating display, attract prey or predators, communication within species.","literal. Fireflies biologically produce light, making ""glow"" a literal description of their behavior.",2
"literal. Literal physical action is described, indicating a direct and physical movement.","literal. ""Grab"" describes a physical action of seizing or clutching the child's hand.",2
metaphor. Hormones and curiosity,"metaphor. ""Gravitate"" implies an unseen force drawing boys to girls, like gravity attracts objects.",2
literal. Due to the force of gravity.,literal. Gravitate refers to the physical force of attraction between celestial bodies.,3
"literal. Describes the physical process of shaping lenses, not a figurative action or concept.","literal. ""Grind"" refers to the physical act of shaping and polishing lenses.",3
"literal. Literal description of a physical action, no implied comparison or symbolism.","literal. ""Guarding"" refers to physically watching over and protecting the horses.",2
literal. The rain physically carved channels in the soil.,"literal. ""Gutter"" refers to the formation of small channels in the soil due to rain.",3
literal. It describes the action of installing gutters on the buildings for drainage purposes.,"literal. ""Gutter"" refers to the installation of rain gutters on the buildings.",3
"metaphor. To suggest aligning or balancing goals and abilities, not literally creating musical harmony.","metaphor. ""Harmonize"" is used to convey a sense of alignment and coherence, not musical harmony.",3
"literal. Direct instruction to physically pile potatoes on platter, no figurative meaning implied or needed.","literal. ""Heap"" refers to a physical pile of potatoes on the platter.",3
"metaphor. The oscillator is searching for the correct frequency, like a hunter searching for prey.","metaphor. ""Hunt"" implies a searching or seeking action, not a physical pursuit.",2
"literal. Physical pain is directly caused by the exercise, not as a metaphor for emotional pain.","literally. ""Hurt"" refers to physical pain or injury caused by the exercise.",3
"literal. Ignite means to cause something to catch fire, it is a physical process.","literal. ""ignite"" refers to the physical combustion of dry matter due to heat.",3
"literal. Seeking better opportunities, escaping persecution, reuniting with family, and improving quality of life.",literal. Refers to physical movement of people from one country to another.,2
"metaphor. Racism spread and permeated societal beliefs, attitudes, and behaviors, like a harmful virus.","metaphor. Racism is not a biological disease, but a harmful social and cultural phenomenon.",3
"metaphor. Currency cannot physically inflate like a balloon, but can increase in supply and decrease in value.","metaphorical. Currency can't be physically inflated like a balloon, but its value can be diminished.",3
metaphor. Exaggerated or overstated for dramatic effect or to make something seem worse than it is.,"metaphor. ""Inflate"" means exaggerated or overstated, not physically blown up with air.",3
metaphor. The problems were passed down or transferred to the new chairman from the previous chair.,"Please refer to relevant websites for more information, and feel free to ask me any other questions.",1
literal. Refers to receiving property or possessions as a legal right or through family lineage.,literal. The speaker received a physical castle as a bequest from their grandparents.,2
"metaphor. To imply bringing energy, excitement, or improvement to the performance.","metaphor. ""Inject"" is not physically administering a substance, but revitalizing the performance.",2
literal. It describes a physical action of introducing hydrogen into the balloon for inflation purposes.,"literal. ""Inject"" refers to physically introducing hydrogen into the balloon.",3
metaphor. Cancer is not a physical entity capable of movement; it spreads and affects surrounding tissues.,"metaphor. Cancer cells spread, but do not physically enter like an army.",2
"literal. To assert control, expand territory, and dominate neighboring countries.","literal. Refers to physical military action, troops entering and occupying a country's territory.",3
metaphor. Because it conveys a sense of fullness or crowdedness without literal jam being present.,"metaphorical. ""Jam"" implies crowdedness, but no actual jam is present in the theater.",2
"literal. The mechanism physically blocked or stuck, preventing normal movement or operation.","literal. ""Jam"" refers to a physical obstruction or blockage in the mechanism.",3
metaphor. To balance or manipulate financial records to conceal a shortfall or loss.,"metaphor. ""Juggle"" implies manipulating objects in the air, not financial accounts.",2
"literal. Describing physical recoil from firing a gun, not a metaphorical action.",literal. The phrase describes a physical recoil action of the gun.,3
"metaphor. To imply he fraudulently manipulated funds, exaggerated financial success, or engaged in illegal activities.","metaphor. ""Kite"" means to issue or cash a fraudulent check, unrelated to the flying object.",1
"metaphor. It implies successful execution or impact, not physical contact with the ground.","literal. ""Landed"" refers to the physical act of striking or hitting.",2
literal. Describes a physical action of a ship coming to rest on solid ground or water.,"literal. ""Land"" refers to a physical geographic area, a harbor.",2
literal. Literal action of physically bringing something to a destination by aircraft or boat.,"literal. ""Land"" refers to the physical act of bringing the heroin ashore.",2
"metaphor. ""lay"" implies placing a burden or obligation on someone, not physically laying an object.","metaphorical. ""Lay"" implies a figurative placement or burden, not physical action.",3
"literal. The sentence describes a physical action that actually happened, not a metaphorical concept.","literal. ""Leak"" describes the physical escape of gasoline from the container.",2
literal. Literal action of placing something in a slightly tilted position for support or storage.,"literal. ""Leaned"" describes a physical action of placing the rifle at an angle.",2
"metaphor. The story has a compelling plot, diverse characters, and potential for cliffhangers and suspense.","metaphor. ""Lend"" is used to convey suitability, not a physical loan.",1
"literal. The sentence is literal and straightforward, indicating a physical act of borrowing something.",literal. The speaker is offering to provide the physical use of their car.,1
literal. The sentence describes the physical action of the building being brought to ground level.,"literal. ""Levelled"" means demolished or razed to the ground, a physical action.",3
metaphor. - Western countries have power to influence Bosnia's future through political and financial support.,"metaphor. ""Lies"" is used to convey control or responsibility, not physical location.",1
"metaphor. Alcohol can reduce inhibitions and relax the body, leading to a more carefree demeanor.","metaphor. ""Lighten"" describes a change in mood, not physical weight or brightness.",1
literal. The room became brighter as more natural light entered through the windows.,"metaphor. ""Lightened up"" means became brighter, but also implies a change in mood or atmosphere.",2
"metaphor. Trees are positioned in a row along the riverbank, resembling a line or boundary.","literal. ""Line"" refers to the physical arrangement of trees along the riverbank.",2
"literal. Literal action of placing hay in truck, no implied meaning or comparison present.","literal. ""Load"" refers to the physical act of placing hay onto the truck.",3
literal. The action of physically putting ammunition into the gun is being described.,"literal. ""Load"" refers to physically putting ammunition into the gun.",3
"metaphor. Means tightly gripping, controlling, or restraining, not literal physical locking like a door or safe.","literal. Physical action of grasping and holding is described, involving physical restraint.",2
"metaphor. It implies being stuck or unable to control laughter, not literally locked in a physical space.","metaphor. ""Locked"" describes a state of being unable to control laughter, not physical confinement.",3
literal. Describing a physical action or movement.,"literal. ""Lock"" describes a physical stiffening or rigidifying of the patient's knees.",2
literal. literal action of securing bike to fence with a lock for safety and prevention of theft,literal. The instruction is to physically secure the bike to the fence using a lock.,3
"metaphor. The bicycle did not physically make a loop, but moved in a circular motion.",literal. The sentence describes a physical action of a bicycle moving in a circular path.,3
literal. Literal task of physically recording and plotting the topography of a planetary surface.,"literal. ""Map"" refers to creating a visual representation of Venus' physical surface features.",3
literal. Describing a physical action or movement of a group of people in a literal sense.,"Please refer to relevant websites for more information, and feel free to ask me any other questions.",2
metaphor. To indicate that the company provided the same amount of money as the employees contributed.,"literal. ""Match"" refers to equaling or duplicating the amount of contributions.",2
metaphor. To compare or compete with similar abilities or strengths in a sporting competition.,"literal. ""Match"" refers to a direct competition or contest between athletes.",2
"metaphor. Age brings wisdom and understanding, leading to a softer, more relaxed demeanor over time.","metaphor. ""Mellow"" describes a change in personality, not a physical ripening process.",1
"literal. Mellow refers to the ripening process of fruit, indicating they need more time to soften.","literal. ""Mellow"" refers to the ripening process of apples, making them sweeter and softer.",3
metaphor. Metaphorically represents a gradual weakening or surrendering to his persuasive and attractive qualities.,"metaphor. ""melt"" is used to describe a change in emotional state, not physical substance.",2
"literal. Literal physical process, heat from sun causes solid ice to turn into liquid water.",literal. The sun's heat can physically change ice's state from solid to liquid.,3
literal. The furniture physically grew mold due to dampness or lack of ventilation in the old house.,"literal. ""Molded"" refers to the physical growth of mold on the furniture.",3
"metaphor. To signify starting, organizing, and executing a strategic effort or crusade.","metaphor. ""Mount"" implies preparation and organization, like mounting a horse for a journey.",2
"literal. Mount refers to physically preparing samples for analysis on slides, not a metaphorical action.","literal. ""Mount"" refers to physically attaching slides to a microscope for analysis.",3
literal. To describe persistent and annoying complaining or scolding behavior directed towards her husband.,"metaphor. ""Nag"" is used to describe persistent complaining or scolding, not a physical horse.",2
"metaphor. Negotiation implies communication and compromise, which may be necessary when navigating difficult terrain.",literal. The hiker is physically navigating through the mountain pass.,1
literal. The context suggests a literal discussion or bargaining between the parties involved.,"literal. The word ""negociated"" refers to a direct and intentional communication.",2
"metaphor. Optimism counteracts negativity, balancing emotions and attitudes toward a more neutral state.","metaphor. ""Neutralize"" is not literally removing a chemical substance, but rather balancing emotions.",2
literal. Describing a physical action of agreeing or acknowledging without using metaphorical language.,literal. The physical act of moving one's head is explicitly mentioned.,2
literal. To indicate approval or acknowledgment without speaking.,literal. The teacher's physical head movement indicates agreement or confirmation.,2
"literal. literal action, artistic talent, physical medium, creation of art, visual representation, realistic portrayal.","literal. ""Painted"" refers to creating artworks of his mistress, not describing her qualities.",1
"metaphor. Not a literal action, heart cannot physically palpitate.","literal. The sentence refers to a physical sensation in the heart, a literal bodily response.",2
metaphor. It implies a forceful defeat or victory in a competitive situation.,"metaphor. ""Pasted"" implies a decisive defeat, not actual adhesive application.",2
"literal. Literal action of physically affixing sign to wall, no figurative or symbolic meaning intended.","literal. ""Paste"" refers to applying adhesive substance to attach the sign to the wall.",3
metaphor. Describes the intense feeling of cold penetrating deeply into her body.,"metaphorical. ""Pierce"" is used to convey intense cold, not physical penetration.",3
"literal. Literal action of a sharp object penetrating skin, no symbolic meaning or comparison intended.",literal. The sentence describes a physical action of a needle penetrating skin.,3
literal. Because it is a literal instruction for physically attaching the needle to the shirt fabric.,"literal. ""Pin"" refers to a physical object used to attach the needle to the shirt.",3
"literal. Used to describe a high-pitched metallic noise, like the sound of a bullet hitting metal.","literal. ""Ping"" refers to the sound of a bullet ricocheting off a hard surface.",2
literal. Describing a sound made by hitting or tapping the lamp shade.,"metaphorical. ""Ping"" is not a physical action bugs can perform on a lamp shade.",2
metaphor. It suggests a sudden and significant decrease in value or performance.,"metaphorical. Stocks don't physically fall, but their value rapidly decreases.",2
metaphor. To suggest negative or harmful thoughts or ideas being introduced and spreading within the mind.,"metaphor. ""Poison"" represents harmful or corrupting influences, not actual toxic substances.",2
"literal. Clear indication of physical harm or toxicity, no implied symbolic meaning or metaphorical use.",literal. The sentence refers to the physical harm caused by consuming the mushroom.,2
literal. It caused harm or death,literal. The sentence implies a physical act of harming with a toxic substance.,2
literal. Because it describes a literal representation or depiction of the father in the painting.,"literal. The word ""portray"" refers to a visual representation in art, in this case, a painting.",3
metaphor. Because it suggests the question is presented or presented in a certain way.,"metaphor. ""Pose"" is used figuratively to introduce a question, not referring to physical posture.",2
literal. Because it refers to the action of being in a specific position for a painting.,"literal. Refers to a model sitting for an artist, a traditional artistic practice.",2
"metaphor. It implies they are securely confined or trapped, like animals in a pound.","literal. ""Pounded"" likely means physically confined or secured, implying physical action.",2
metaphor. To indicate a large amount of financial investment or support in education.,"metaphor. Money is not physically flowing into education, but rather being invested or spent.",3
"literal. The word ""pour"" is used non-metaphorically in this sentence because it describes a literal action.","literal. ""Pour"" refers to the physical act of flowing or streaming water.",3
"metaphor. ""Train fell quickly into river due to bridge breaking, similar to precipitation.""","literal. ""Precipitate"" means to cause something to happen suddenly or quickly, often referring to a physical event.",1
"metaphor. Sudden and severe economic collapse due to mismanagement, corruption, or external factors.","metaphor. ""Precipitate"" is used to describe a sudden economic decline, not a physical change of state.",2
literal. To protect and maintain their historical and cultural significance for future study and appreciation.,"literal. ""Preserve"" refers to physically protecting and maintaining the archeological findings in their original state.",3
"metaphor. It conveys a sudden feeling of guilt or shame, like being poked by a sharp object.","metaphor. ""Prick"" is used to convey a sharp, painful emotional sensation, not a physical action.",2
"literal. To indicate a quick, minimal pain or sensation of a sharp object piercing the skin.","literal. The word ""prick"" refers to a physical action of piercing the skin with a needle.",3
metaphor. Exaggerated praise or promotion. Inflating the importance or quality of the Broadway production.,"metaphor. ""Puffed"" implies exaggerated praise, not blowing air into something.",2
"metaphor. To extract information forcefully or vigorously, as one would pump water from a well.","metaphor. ""Pump"" is not physically extracting fluid, but rather extracting information.",3
"metaphor. Because ""pushing"" implies reaching or approaching a certain age, not physically pushing something.","metaphor. ""Pushing"" implies approaching or nearing fifty, not physically exerting force.",3
metaphor. To aggressively offer or sell drugs to students.,"metaphorical. ""Push"" means to promote or sell, not physically exert force on drugs.",3
literal. Instructions for physical exertion or effort.,literal. The doctor is instructing the woman to apply physical force during childbirth.,3
literal. Refers to physical force exerted by people moving in a certain direction.,"literal. The crowd's physical movement is described, implying physical force or pressure.",3
"literal. Scientifically accurate language, describes the physical process of heat emission from the sun.","literal. The sun is a physical source of heat and light, emitting energy outward.",3
literal. Literal action of police entering and searching for illegal drugs and arresting individuals.,literal. The police physically entered and searched the crack house.,3
literal. literal action of aggressively acquiring controlling interest in companies for investment purposes.,"metaphor. ""Raid"" implies a hostile takeover, not a physical invasion.",2
"metaphor. The feeling of happiness was fleeting or no longer present, making it impossible to recapture.","metaphor. ""Recapture"" is used to convey regaining an emotional state, not a physical object.",2
"literal. Literal meaning, no figurative language or symbolic representation, straightforward action of capturing someone again.","literal. ""Recapture"" refers to physically taking the prisoner back into custody.",3
literal. The bell cracked physically and needed to be remolded and recast for functionality.,literal. The bell is a physical object that needs to be remade or reshaped.,3
metaphor. Fame is transferred or reflected onto the heroes due to their actions or achievements.,"metaphorical. ""Redound"" means to have a good or bad effect, not physical reverberation.",2
metaphor. The state of the dorm room is a reflection of the student's habits and cleanliness.,"metaphor. ""Reflect"" means to show or indicate, rather than physical light bouncing back.",2
metaphor. It suggests his actions are a negative reflection of his character or capabilities.,"metaphor. ""Reflect"" conveys a figurative connection between action and reputation, not physical reflection.",2
literal. Because it is a literal description of how the sunglasses are functioning in this sentence.,"literal. The sunglasses physically bounce back his image, creating a mirrored effect.",2
"literal. The smooth, hard surfaces of the auditorium walls and ceiling bounce sound waves effectively.","literal. Sound waves are physically bounced back, changing direction, in the auditorium.",3
literal. It refers to making changes or improvements to the structure or functioning of the system.,"Please refer to relevant websites for more information, and feel free to ask me any other questions.",1
metaphor. To indicate that the restrictions were lessened or eased up.,"metaphor. ""Relax"" means to reduce or ease restrictions, not physical muscle relaxation.",3
literal. Literal action being taken to loosen or reduce pressure on the rope.,"literal. ""Relax"" means to reduce physical tension or pressure in this context.",3
literal. It directly describes the physical act of becoming less tense or stressed.,"literal. ""Relax"" refers to physical tension release, not a figurative state.",2
metaphor. Trauma and historical damage cannot be undone or fully healed.,"metaphorical. ""Repair"" implies emotional or psychological healing, not physical fixing.",2
"metaphor. Revive means to bring back to life or restore. In this context, it means to restore interest or popularity.","metaphor. ""Revive"" implies bringing back to life, but opera style can't literally die.",2
"metaphor. Hot soup provides comfort and warmth, restoring energy and revitalizing the body and spirit.","metaphorical. ""Revive"" implies restoring vitality, not literally bringing someone back to life.",2
"literal. Revive means to bring back to life or consciousness, not just metaphorically.",literal. The doctors used medical procedures to restore the man's physical functions.,2
metaphor. No physical tearing occurred; verbal attack or criticism was delivered forcefully instead.,"metaphor. ""Rip"" implies verbal attack, not physical tearing, conveying intense criticism.",2
"literal. Describing a physical action, literal meaning, no implied symbolism or metaphorical interpretation.","literal. The word ""ripped"" describes a physical tearing action on a physical object (curtain).",2
literal. Rooting is the actual behavior of pigs searching for truffles with their noses.,"literal. ""Rooting"" refers to the pig's physical action of digging with its snout.",3
"metaphor. To indicate a change in responsibilities or tasks, gaining experience in different areas.",literal. Refers to physical movement or switching between different roles or tasks in a cycle.,2
"metaphor. Prevent soil depletion, reduce pests and diseases, improve soil fertility, and increase crop yields.","literal. ""Rotate"" refers to the physical act of changing the position of crops.",1
"metaphor. It will provoke strong emotions or reactions, causing discomfort or controversy.","metaphor. ""Ruffle"" implies disturbing or upsetting people's emotions, not physically touching their clothes.",2
"literal. Describes physical action of bird fluffing up feathers for warmth, display, or communication.","literal. ""Ruffle"" describes the physical action of the bird's feathers being disturbed or rearranged.",3
"literal. ""Ruffle"" is used to describe physically disturbing the fabric, not creating a decorative effect.","literal. ""Ruffle"" refers to the physical act of gathering or pleating fabric.",3
"literal. The sugar will clog the fuel system and damage the engine, causing irreversible harm.","literal. ""Ruin"" refers to physical damage or destruction of the car's engine.",2
"metaphor. To add flavor, spice up, make more interesting or engaging.","metaphor. ""Salt"" is not being used to season food, but to add flavor to lectures.",2
literal. To preserve meat and prevent spoilage.,literal. Salt is a physical substance used for preserving meat in this context.,3
metaphor. To emphasize the strong and unpleasant smell.,"metaphor. ""Salute"" is used to convey a sense of unwelcome greeting or assault, not a physical gesture.",1
"metaphor. To quickly look over or skim the information, not conducting a detailed or thorough reading.","metaphor. ""Scan"" is used to describe a quick and thorough visual examination, not a physical scan.",2
"literal. Describes a literal action of examining an image for medical purposes, not a metaphorical scan.",literal. The surgeon is physically examining the X-ray image.,3
metaphor. To indicate gathering or collecting a small amount of money through effort and resourcefulness.,metaphor. Money can't be physically scraped together like physical objects.,2
literal. Literal action of the cat using its claws to scratch or claw at the armchair.,literal. The cat is physically scratching the armchair with its claws.,3
literal. Because it means to take control or possession of something by force or authority.,"literal. ""Seize"" means to take possession of something physically, fitting the context of invasion.",3
literal. It is a literal statement about the brothers' occupation or business activity.,"literal. ""Sell"" refers to the brothers' occupation or action of exchanging shoes for money.",2
"metaphor. It implies disruption, surprise, and emotional impact, like physical shaking would.","metaphor. ""Shake"" is used to describe an emotional impact, not a physical action.",2
metaphor. To improve and strengthen the persuasiveness and effectiveness of our arguments.,"metaphor. ""Sharpen"" is used to convey refinement or improvement, not physical cutting edge.",2
"metaphor. Enhances focus and clarity, improving perception and understanding.","literal. ""Sharpen"" refers to improving visual acuity, a physical aspect of vision.",2
"literal. Literal meaning of ""shed"": to release tears due to strong emotions or sadness.","literal. ""Shed"" refers to the physical act of releasing tears from the eyes.",3
metaphor. To convey the image of giving an abundance of gifts to someone in a generous manner.,"metaphor. ""Shower"" is used to convey abundance or profusion, not actual water or cleaning.",2
"metaphor. To indicate carefully searching or examining for something, such as clues or hidden dangers.","literal. Soldiers are physically searching through the woods, separating and examining the environment.",2
metaphor. To carefully examine and analyze the information for important details or insights.,"metaphor. Sifting implies separating valuable from worthless, as in sifting flour, but here it's abstract information.",2
"metaphor. The kettle is not literally capable of singing, it is making a whistling noise when boiling.","metaphor. ""Singing"" describes the kettle's whistling sound, not actual vocalization.",3
literal. Describing a literal action of making music with the voice while preparing food.,literal. The sentence describes a physical action of producing musical sounds while cooking.,3
"metaphor. Court of law does not physically sit, rather it refers to when it is in session.",literal. Refers to the physical act of judges taking their seats in the courtroom.,2
metaphor. Because it implies forceful and effective action taken by law enforcement to dismantle criminal activity.,"metaphor. ""Smash"" implies destruction, but not physical breaking of objects.",2
"literal. Describes forceful impact and damage caused by collision, not a metaphorical action.","literal. The sentence describes a physical collision, causing damage to the car.",3
"literal. Because it describes covering something completely, not stifling or suffocating it.",literal. The meat is physically covered with a large amount of gravy.,2
"metaphor. Expressing disapproval or disdain, showing lack of respect or approval for something or someone.","metaphor. Snorting is an animal behavior, unlikely to be performed by a human critic.",1
"literal. Literal action of planting seeds for growth, not referring to a female pig.","literal. ""Sow"" refers to the physical act of scattering seeds on the ground.",2
metaphor. The workers perform a repetitive action or task every four hours.,"literal. ""Spell"" means a short period of rest or relief, a common term in labor contexts.",2
metaphor. Indicates a prediction or indication of impending difficulty or danger.,"metaphor. ""Spell"" refers to a predicted outcome, not an actual magical incantation.",2
metaphor. to describe the way the snow covered the mountain in a sudden and scattered manner.,"metaphorical. ""Splash"" implies a liquid-like action, but snow is a solid.",2
literal. Describing a physical action of water being moved and dispersed by someone's movements.,"literal. The sentence describes a physical action of water being splashed, indicating a literal meaning.",3
"literal. Physical transfer of liquid onto surface, visible staining, specific location indicated.","literal. ""Spot"" refers to a physical stain or mark left by the wine.",2
"literal. Spot means to become marked or stained easily, not metaphorically in this context.","literal. ""Spots"" refers to the formation of stains or marks on the dress's surface.",2
literal. It describes the physical act of using a spray bottle to dispense water onto someone.,"literal. ""Spray"" describes the physical action of dispersing water in a stream.",3
literal. Literal description of water being dispersed in small droplets onto the floor.,literal. The sentence describes a physical action of water dispersing in a physical space.,3
"metaphor. Language is intangible and can be metaphorically ""spread"" like a physical substance.",metaphor. Language can't physically spread like a physical object or substance.,3
literal. Describing literal physical movement or expansion of a disease or illness within a population.,"literal. The word ""spread"" describes the physical transmission of the infection from one person to another.",3
literal. It describes the physical action of applying cheese onto the bread surface.,"literal. The verb ""spread"" describes a physical action of applying cheese to bread.",3
metaphor. To indicate readiness or determination.,"metaphor. ""Squared"" implies a mental preparation or stance, not a physical geometric shape.",2
metaphor. To convey the overwhelming and surprising amount of bills she received for rebuilding her house.,"metaphor. ""Staggered"" describes emotional shock, not physical stumbling.",1
"literal. Describes unsteady, uncoordinated movement due to intoxication, not figurative or symbolic.","literal. The sentence describes a physical action, implying loss of balance and coordination.",2
"metaphor. Lack of growth, innovation, investment, and competition can lead to stagnation in the industry.","metaphorical. ""Stagnate"" is applied to industry, which cannot literally stagnate like a body of water.",3
literal. Due to lack of movement or circulation in the blood vessels.,literal. Refers to the physical cessation of blood flow in capillaries.,3
metaphor. Both involve extracting or retrieving something valuable or essential from a source.,"literally. ""Stamp"" refers to physically pressing or crushing fruit to extract juice.",1
"literal. To inquire about a physical action or process, not as a metaphorical representation.",literal. Refers to the physical act of affixing a postage stamp to a letter.,2
"metaphor. Intense competition, desire for profit, and need to stay relevant in the market.","metaphor. ""Stampede"" is used to convey a sense of sudden, uncontrolled rush, not actual animals.",1
"literal. Thunderbolts create loud noises and vibrations, which can cause animals to panic and stampede.","literal. Refers to a sudden, panicked movement of animals, a common natural phenomenon.",2
literal. To indicate the ship was powered by steam propulsion and moving away from the shore.,"literal. ""Steamed"" refers to the ship's mode of propulsion using steam power.",3
"metaphor. It implies overpowering and crushing force, similar to a steamroller flattening obstacles in its path.","metaphorical. Comparing a team's dominance to a steamroller's crushing power, not actual machinery.",2
metaphor. The new teacher is forceful and overpowering in their actions or decisions.,"metaphor. It implies the teacher dominates or overwhelms others, rather than physically rolling them.",2
literal. To compact and flatten the road surface for construction or maintenance purposes.,"literal. ""Steamroller"" refers to a vehicle used to flatten roads, making it a literal usage.",2
metaphor. - Indicates a continuous flow or abundance of sweat on her body.,"metaphorical. ""Streaming"" implies a flowing or pouring of sweat, like a liquid stream.",3
"literal. Describes the physical action of tears flowing, no metaphorical comparison is made to a stream.","metaphor. ""Stream"" compares tears to flowing water, creating a vivid emotional image.",2
"literal. ""Stuff"" is a verb indicating filling, not a noun referring to miscellaneous items.","literal. ""Stuff"" refers to the physical act of filling a pillow with feathers.",2
"literal. Literal description of physical sensation, not metaphorical use of ""stuff.""","literal. ""Stuffed"" refers to the physical blockage or congestion of the nasal passages.",2
"metaphor. To indicate suppressing or controlling emotions, avoiding conflict, or maintaining composure in a situation.","metaphor. Anger is an emotion, not a physical object that can be swallowed.",1
metaphor. To indicate hiding or suppressing emotions or thoughts.,"metaphor. ""Swallow"" means to accept or absorb an idea, not to ingest physical words.",2
metaphor. To indicate disbelief or skepticism.,"metaphor. ""swallow"" means to accept or believe, not to ingest physically.",2
"metaphor. Music cannot physically swell, but the volume and intensity increased dramatically to a peak.","metaphorical. ""Swell"" describes a non-physical increase in volume or intensity, not a physical expansion.",3
"literal. Describing physical action, literal meaning, cause and effect relationship between water and wood.","literal. ""Swell"" refers to the physical expansion of wood due to water absorption.",2
"metaphor. The meat was completely covered and surrounded by the fatty gravy, creating a swimming-like appearance.","metaphorical. ""swim"" describes the meat's abundance of gravy, not actual aquatic movement.",2
literal. The sentence describes a literal act of swimming in a body of water.,literal. The sentence describes a physical action of moving through water to reach a shore.,3
literal. It describes physically attaching the notice to the board with a tack or pin.,"literal. ""Tack"" refers to physically attaching the notice to the board using a tack or pin.",4
"literal. Literal description of speech, not comparing to something else or using as a figure of speech.","literal. ""Talk"" refers to the act of speaking, conveying information or ideas verbally.",3
metaphor. Freedom was experienced and enjoyed by the ex-slave before her passing.,"metaphor. ""Taste"" implies experiencing a brief sense of freedom, not a physical sensation.",2
"literal. The sentence describes a literal action of sampling wines, not a metaphorical experience or sensation.","literal. ""Taste"" refers to the sensory experience of sampling wines.",3
metaphor. It implies draining or depleting a resource (patience) through excessive demands or stress.,"metaphor. ""Tax"" implies draining or exhausting, not referring to financial taxation.",2
"metaphor. The bus was traveling fast and loudly, resembling the sound of thunder.","metaphor. ""Thunder"" describes the bus's loud sound, not an actual storm or weather phenomenon.",3
literal. Tying flies is a literal action performed by fishermen for fishing purposes.,"literal. ""Tie"" refers to the physical act of securing the fly to the fishing line.",3
metaphor. To indicate completing or finishing an event or meal.,"metaphorical. ""Topped off"" means completed or finished, rather than physically placing something on top.",2
"literal. ""Top"" is used literally to describe the star being placed at the highest point.","literal. ""Tops"" refers to the physical position of the star on the tree.",3
literal. Literal action of physically following or drawing the shape of the figure in the sand.,"literal. The word ""trace"" refers to a physical action of drawing a line.",3
metaphor. Describing a sudden and dramatic change in behavior or appearance.,"metaphor. Physical change is impossible, implying a figurative or fantastical transformation.",2
"literal. ""Transform"" is used literally to describe the conversion of energy into light.","literal. ""Transform"" refers to a physical change of energy into light, a tangible process.",3
literal. It describes the physical act of crushing grapes with one's feet to extract juice.,"literal. ""Tread"" refers to the physical action of stepping on grapes to crush them.",3
literal. Describing a physical action of digging or creating a trench for a military purpose.,literal. The sentence describes a physical action of digging a trench around a camp.,3
"literal. Describes the physical action of carving letters into the stone, not a metaphorical meaning.","literal. ""Trenched"" describes a physical action of carving letters into stone.",3
"literal. Specific action of pulling or towing a vessel, literal description of the tugboat's job.","literal. ""Tug"" refers to the physical action of pulling the freighter into the harbor.",3
"literal. Describing physical action, showing struggle or attempt to break free, literal interpretation of tugging.",literal. The prisoner is physically pulling on the chains to try to free themselves.,2
"literal. Literal description of physical object, not figurative language or comparison.","literal. The sentence describes a physical property of the cord, its tangled state.",2
"metaphor. Displacement, destruction, loss of homes and communities.","metaphor. ""Uproot"" is used to describe the displacement of people, not physical plants.",2
"literal. No hidden meaning, directly investing wealth in sons, no symbolic significance or representation.","metaphor. ""Vest"" is used figuratively to mean ""entrust"" or ""invest"", not referring to clothing.",1
"metaphor. To express the act of spending time with family, rather than just physically going to a place.",literal. The sentence describes a physical trip to a specific location.,2
"literal. It refers to physically going to a place, not a figurative or symbolic action.","literal. Refers to physically going to Paris, implying a physical presence.",3
literal. Describes the rapid firing of gun shots in a repeated and continuous manner.,"literal. ""Volley"" refers to a simultaneous discharge of multiple firearms, a literal meaning.",3
"literal. Refers to physically styling hair, not wearing as in clothing or accessories.","literal. ""Wear"" refers to physically having hair styled in a certain way on one's head.",3
"metaphor. It implies a carefree, light-hearted attitude that dispels worries with ease.","metaphor. Whistling is an action that can't literally remove worries, so it's a figurative expression.",2
"literal. Literal action of making a whistling sound to call someone, not a metaphorical reference.","literal. Whistling is a common way to summon or signal someone, especially in a household.",3
"metaphor. It implies a struggle, mental or emotional, to overcome feelings of inadequacy or self-doubt.","metaphor. No physical grappling or physical contact is involved, only emotional struggle.",2
literal. The sentence describes an actual physical activity involving physical contact between the children.,"literal. The sentence describes physical activity, implying a playful, physical struggle.",3
literal. The sentence is describing a literal action of traveling across the Atlantic Ocean by boat.,literal. The sentence explicitly refers to crossing the Atlantic Ocean by boat.,3
